Ticker,Company Name,Region,Credit Rating,GICS Sector,Closing Price,Div/Share Avg Growth 1Y,Div/Share Avg Growth 3Y,Div/Share Avg Growth 5Y,Dividend Yield,Est EPS Growth,Current Valuation,P/E,P/OCF(FFO),P/FCFE(AFFO)
A:US,AGILENT TECHNOLOGIES INC,US,BBB+,Health Care,110.24,5.09%,5.71%,6.63%,0.93%,9.83%,27.97%,19.20x,19.76x,27.39x
AAL:US,AMERICAN AIRLINES GROUP INC,US,B+,Industrials,10.30,,,-100.00%,,71.69%,-79.66%,14.58x,1.84x,
AAP:US,ADVANCE AUTO PARTS INC,US,BB,Consumer Discretionary,51.57,,-38.89%,38.59%,1.94%,30.05%,-27.78%,21.70x,50.45x,
AAPL:US,APPLE INC,US,AA+,Information Technology,248.80,4.08%,4.26%,5.12%,0.42%,10.40%,108.53%,31.28x,28.97x,31.25x
ABBV:US,ABBVIE INC,US,A-,Health Care,209.40,5.81%,5.17%,6.83%,3.30%,19.09%,-0.94%,18.91x,17.50x,18.70x
ABT:US,ABBOTT LABORATORIES,US,A+,Health Care,103.99,7.27%,7.88%,10.61%,2.42%,10.11%,31.43%,19.71x,18.56x,23.43x
ACN:US,ACCENTURE PLC,US,AA-,Information Technology,192.60,14.73%,15.12%,13.12%,3.39%,8.61%,-4.65%,14.30x,10.19x,10.89x
ADBE:US,ADOBE INC,US,A+,Information Technology,234.84,,,,,11.72%,-28.03%,10.80x,9.68x,9.84x
ADI:US,ANALOG DEVICES INC,US,A-,Information Technology,307.44,7.46%,9.43%,10.16%,1.43%,19.96%,66.84%,33.29x,28.96x,31.74x
ADM:US,ARCHER DANIELS MIDLAND CO,US,A,Consumer Staples,72.23,2.00%,8.54%,7.30%,2.88%,6.91%,34.70%,20.20x,7.35x,10.39x
ADP:US,AUTOMATIC DATA PROCESSING INC,US,AA-,Industrials,201.25,10.46%,14.17%,11.42%,3.38%,8.93%,25.24%,18.79x,15.87x,16.37x
ADSK:US,AUTODESK INC,US,BBB+,Information Technology,229.84,,,,,15.33%,39.73%,21.42x,19.71x,20.07x
AEE:US,AMEREN CORP,US,BBB+,Utilities,108.72,5.97%,6.37%,7.27%,2.76%,7.70%,41.89%,21.28x,8.72x,
AEP:US,AMERICAN ELECTRIC POWER CO INC,US,BBB+,Utilities,130.10,4.76%,5.67%,5.66%,2.92%,8.02%,43.25%,21.49x,9.94x,
AES:US,AES CORP,US,BBB-,Utilities,14.00,2.00%,3.66%,4.20%,5.03%,2.50%,-55.56%,5.99x,2.45x,
AIG:US,AMERICAN INTERNATIONAL GROUP INC,US,A-,Financials,72.95,12.18%,10.99%,6.60%,2.47%,10.32%,-33.18%,10.02x,7.18x,9.68x
AIZ:US,ASSURANT INC,US,BBB,Financials,213.28,10.81%,6.23%,5.20%,1.65%,5.64%,-28.74%,10.69x,6.21x,7.10x
AJG:US,GALLAGHER ARTHUR J & CO,US,BBB+,Financials,207.10,8.33%,8.42%,7.64%,1.35%,15.21%,20.61%,18.35x,23.28x,24.64x
AKAM:US,AKAMAI TECHNOLOGIES INC,US,BBB,Information Technology,114.50,,,,,7.38%,8.14%,16.22x,10.84x,24.60x
ALB:US,ALBEMARLE CORP,US,BBB-,Materials,179.45,0.62%,0.84%,1.02%,0.90%,105.78%,33.17%,131.83x,15.91x,28.47x
ALGN:US,ALIGN TECHNOLOGY INC,US,,Health Care,166.38,,,,,8.93%,3.79%,15.57x,17.92x,20.71x
ALK:US,ALASKA AIR GROUP INC,US,BB,Industrials,36.16,,,-100.00%,,55.15%,-77.50%,12.41x,3.16x,
ALL:US,ALLSTATE CORP,US,BBB+,Financials,202.71,8.70%,5.59%,14.34%,2.13%,-8.93%,-58.68%,6.20x,5.98x,6.20x
ALLE:US,ALLEGION PLC,US,BBB,Industrials,144.50,6.25%,7.56%,9.81%,1.52%,7.06%,16.16%,17.42x,15.90x,18.09x
AMAT:US,APPLIED MATERIALS INC,US,A,Information Technology,337.17,19.44%,19.86%,15.05%,0.63%,18.55%,80.58%,33.49x,33.31x,47.10x
AMCR:US,AMCOR PLC,US,BBB,Materials,38.62,2.01%,2.05%,1.77%,6.73%,9.37%,-33.75%,9.94x,7.10x,10.73x
AMD:US,ADVANCED MICRO DEVICES INC,US,A,Information Technology,201.99,,,,,49.57%,-14.51%,42.38x,42.88x,48.86x
AME:US,AMETEK INC,US,BBB+,Industrials,209.24,10.71%,12.12%,11.49%,0.65%,8.11%,84.12%,27.62x,26.05x,28.14x
AMGN:US,AMGEN INC,US,BBB+,Health Care,348.77,5.78%,7.07%,8.29%,2.89%,3.69%,5.87%,15.88x,17.54x,22.45x
AMP:US,AMERIPRISE FINANCIAL INC,US,A-,Financials,436.81,8.46%,8.77%,8.96%,1.47%,10.08%,-27.50%,10.87x,,5.91x
AMT:US,AMERICAN TOWER CORP,US,BBB+,Real Estate,169.52,4.94%,5.16%,8.59%,4.06%,11.69%,99.53%,29.93x,15.71x,15.71x
AMZN:US,AMAZON COM INC,US,AA,Consumer Discretionary,199.34,,,,,18.20%,49.87%,27.27x,14.45x,850.73x
ANET:US,ARISTA NETWORKS INC,US,,Information Technology,120.77,,,,,19.20%,102.69%,38.92x,34.32x,35.23x
AON:US,AON PLC,US,A-,Financials,313.66,10.23%,9.94%,10.33%,0.95%,11.44%,19.18%,17.88x,18.51x,20.07x
AOS:US,SMITH AO CORP,US,,Industrials,64.42,6.15%,6.58%,7.09%,2.24%,6.28%,10.49%,16.57x,14.71x,16.64x
APA:US,APA CORP,US,BBB-,Energy,44.39,,20.00%,71.37%,2.25%,-0.41%,-19.95%,12.01x,3.65x,9.48x
APD:US,AIR PRODUCTS & CHEMICALS INC,US,A,Materials,292.19,1.14%,4.53%,7.41%,2.48%,7.71%,55.49%,23.32x,17.42x,
APH:US,AMPHENOL CORP,US,A-,Information Technology,123.62,35.46%,23.27%,23.90%,0.81%,18.33%,88.48%,34.55x,28.43x,34.59x
APTV:US,APTIV PLC,US,,Consumer Discretionary,67.04,,,-100.00%,,11.02%,-43.90%,8.42x,6.92x,10.41x
ARE:US,ALEXANDRIA REAL ESTATE EQUITIES INC,US,BBB+,Real Estate,46.04,-9.83%,-0.04%,2.18%,6.26%,77.82%,,,5.48x,6.81x
ATO:US,ATMOS ENERGY CORP,US,A-,Utilities,183.19,8.08%,8.56%,8.64%,2.18%,8.07%,55.51%,23.33x,13.88x,
AVA:US,AVISTA CORP,US,BBB,Utilities,39.94,3.16%,3.66%,3.89%,4.93%,7.80%,10.35%,16.55x,6.62x,
AVB:US,AVALONBAY COMMUNITIES INC,US,A-,Real Estate,160.81,2.94%,3.25%,1.95%,4.43%,-7.98%,58.00%,23.70x,14.28x,16.00x
AVGO:US,BROADCOM INC,US,A-,Information Technology,300.68,12.11%,12.90%,12.67%,0.86%,43.48%,-19.98%,34.79x,39.15x,40.11x
AVY:US,AVERY DENNISON CORP,US,BBB,Materials,167.78,7.25%,8.09%,9.43%,2.24%,9.58%,15.67%,17.35x,14.13x,17.81x
AWK:US,AMERICAN WATER WORKS CO INC,US,A,Utilities,136.86,8.16%,8.15%,8.60%,2.42%,7.74%,57.71%,23.66x,12.73x,
AWR:US,AMERICAN STATES WATER CO,US,A,Utilities,75.10,8.26%,8.34%,8.66%,2.68%,7.31%,45.22%,21.78x,12.72x,
AXP:US,AMERICAN EXPRESS CO,US,A-,Financials,292.27,17.04%,16.67%,13.14%,1.30%,14.65%,22.52%,18.38x,,
AZO:US,AUTOZONE INC,US,BBB,Consumer Discretionary,"3,316.71",,,,,12.42%,50.17%,22.53x,16.43x,29.18x
BA:US,BOEING CO,US,BBB-,Industrials,190.52,,,-100.00%,,101.96%,66.10%,164.44x,66.78x,
BAC:US,BANK OF AMERICA CORP,US,A-,Financials,46.97,8.00%,7.89%,8.45%,2.38%,14.19%,-20.37%,11.94x,,
BALL:US,BALL CORP,US,BB+,Materials,59.27,,,6.19%,1.35%,12.48%,7.83%,16.18x,12.28x,19.81x
BAX:US,BAXTER INTERNATIONAL INC,US,BBB-,Health Care,15.97,-50.00%,-19.83%,-7.97%,0.25%,0.97%,-28.64%,7.45x,8.41x,16.41x
BBY:US,BEST BUY CO INC,US,BBB+,Consumer Discretionary,62.98,1.06%,2.59%,12.15%,6.10%,6.29%,-34.80%,9.78x,6.63x,10.32x
BDX:US,BECTON DICKINSON & CO,US,BBB,Health Care,154.51,9.47%,6.60%,6.21%,2.72%,8.22%,-13.36%,13.00x,14.26x,15.14x
BEN:US,FRANKLIN RESOURCES INC,US,A,Financials,22.75,3.23%,3.34%,3.46%,5.80%,10.97%,-37.45%,9.38x,,24.16x
BF.B:US,BROWN FORMAN CORP,US,A-,Consumer Staples,27.19,4.96%,-14.07%,21.42%,3.40%,-1.32%,3.09%,15.46x,13.70x,16.28x
BIIB:US,BIOGEN INC,US,BBB+,Health Care,183.84,,,,,3.83%,-20.42%,11.94x,11.58x,12.58x
BIO:US,BIO RAD LABORATORIES INC,US,BBB,Health Care,265.40,,,,,9.66%,76.97%,26.55x,14.06x,19.14x
BK:US,BANK OF NEW YORK MELLON CORP,US,A,Financials,114.66,12.36%,12.10%,10.07%,1.85%,10.31%,0.26%,15.04x,,
BKH:US,BLACK HILLS CORP,US,BBB+,Utilities,68.70,4.00%,3.91%,4.50%,4.09%,5.96%,10.15%,16.52x,7.65x,
BKNG:US,BOOKING HOLDINGS INC,US,A-,Consumer Discretionary,"4,062.14",9.71%,9.71%,9.71%,0.97%,17.11%,0.02%,17.11x,13.60x,14.14x
BKR:US,BAKER HUGHES CO,US,A,Energy,63.22,9.52%,8.02%,5.09%,1.46%,8.57%,62.10%,24.32x,16.81x,25.05x
BLK:US,BLACKROCK INC,US,AA-,Financials,933.85,2.16%,2.21%,7.71%,2.45%,13.54%,25.84%,18.88x,27.60x,31.72x
BMY:US,BRISTOL MYERS SQUIBB CO,US,A,Health Care,58.54,3.33%,4.72%,6.65%,4.30%,-4.59%,-36.89%,9.47x,8.35x,9.16x
BR:US,BROADRIDGE FINANCIAL SOLUTIONS INC,US,BBB,Industrials,157.42,10.00%,11.21%,10.28%,2.48%,9.24%,13.42%,17.01x,14.20x,14.84x
BRK.B:US,BERKSHIRE HATHAWAY INC,US,AA,Financials,468.49,,,,,3.98%,50.82%,22.62x,,
BSX:US,BOSTON SCIENTIFIC CORP,US,A-,Health Care,69.17,,,,,13.17%,46.23%,21.93x,22.48x,27.82x
BWA:US,BORGWARNER INC,US,BBB+,Consumer Discretionary,54.24,27.27%,-0.39%,-0.24%,1.25%,9.22%,-27.36%,10.90x,7.00x,10.22x
BXP:US,BXP INC,US,BBB,Real Estate,51.43,-14.29%,-4.76%,-2.86%,5.44%,5.15%,95.99%,29.40x,7.48x,11.88x
C:US,CITIGROUP INC,US,BBB+,Financials,107.38,6.42%,4.40%,2.64%,2.24%,24.75%,-44.15%,13.82x,,
CAG:US,CONAGRA BRANDS INC,US,BBB-,Consumer Staples,15.62,,3.89%,10.84%,8.96%,2.45%,-36.11%,8.57x,5.71x,8.43x
CAH:US,CARDINAL HEALTH INC,US,BBB,Health Care,206.58,1.00%,1.00%,1.00%,0.99%,13.65%,40.84%,21.13x,14.18x,18.39x
CARR:US,CARRIER GLOBAL CORP,US,BBB+,Industrials,54.25,-15.09%,2.98%,23.12%,1.77%,12.48%,37.02%,20.55x,18.48x,22.01x
CAT:US,CATERPILLAR INC,US,A,Industrials,695.40,7.75%,8.13%,7.24%,0.87%,19.37%,80.25%,34.91x,27.48x,42.30x
CB:US,CHUBB LTD,US,A,Financials,319.09,6.41%,5.11%,4.34%,1.22%,9.19%,-15.97%,12.60x,8.53x,11.39x
CBOE:US,CBOE GLOBAL MARKETS INC,US,A-,Financials,273.00,14.41%,11.31%,11.64%,1.05%,9.33%,66.38%,24.96x,23.13x,24.69x
CBRE:US,CBRE GROUP INC,US,BBB+,Real Estate,131.77,,,,,15.34%,29.19%,19.81x,23.83x,29.51x
CCI:US,CROWN CASTLE INC,US,BBB,Real Estate,78.59,-24.08%,-6.44%,0.17%,5.41%,35.71%,74.86%,62.45x,17.93x,17.93x
CCL:US,CARNIVAL CORP,US,BB+,Consumer Discretionary,24.19,,,-100.00%,2.48%,11.85%,-27.92%,10.81x,5.32x,11.22x
CDNS:US,CADENCE DESIGN SYSTEMS INC,US,A-,Information Technology,271.77,,,,,13.97%,145.96%,36.89x,41.42x,45.42x
CDW:US,CDW CORP,US,BBB-,Information Technology,118.17,0.81%,6.38%,10.49%,2.13%,7.04%,-22.31%,11.65x,12.71x,13.87x
CE:US,CELANESE CORP,US,BB,Materials,63.41,-95.71%,-31.18%,-16.62%,0.19%,23.71%,-36.46%,15.07x,6.19x,8.91x
CEG:US,CONSTELLATION ENERGY CORP,US,,Utilities,301.49,10.01%,45.01%,45.01%,0.57%,20.12%,50.07%,30.19x,18.56x,48.01x
CF:US,CF INDUSTRIES HOLDINGS INC,US,BBB,Materials,136.45,,10.56%,11.33%,1.47%,-6.26%,-2.35%,14.65x,8.05x,12.52x
CFG:US,CITIZENS FINANCIAL GROUP INC /RI/,US,BBB+,Financials,57.78,2.38%,2.03%,1.99%,3.18%,21.97%,-36.69%,13.91x,,
CHD:US,CHURCH & DWIGHT CO INC,US,BBB+,Consumer Staples,94.69,3.97%,3.97%,4.21%,1.30%,7.05%,76.01%,26.40x,19.09x,21.47x
CHRW:US,ROBINSON CH WORLDWIDE INC,US,BBB+,Industrials,161.57,1.22%,3.34%,4.12%,1.56%,16.04%,89.01%,30.32x,21.91x,22.76x
CHTR:US,CHARTER COMMUNICATIONS INC,US,BB+,Communication Services,219.14,,,,,14.43%,-61.41%,5.79x,1.83x,6.42x
CI:US,CIGNA GROUP,US,A-,Health Care,261.96,7.86%,10.50%,"1,988.70%",2.38%,7.94%,-41.69%,8.75x,7.29x,8.24x
CINF:US,CINCINNATI FINANCIAL CORP,US,BBB+,Financials,153.68,7.41%,8.03%,7.73%,2.45%,7.69%,26.90%,19.03x,8.21x,9.56x
CL:US,COLGATE PALMOLIVE CO,US,A+,Consumer Staples,84.29,4.04%,3.46%,3.32%,2.52%,6.39%,50.56%,22.58x,16.60x,19.36x
CLX:US,CLOROX CO,US,BBB,Consumer Staples,102.04,1.67%,1.70%,2.86%,4.86%,5.37%,6.13%,15.92x,15.30x,19.07x
CMA:US,COMERICA INC,US,NR,,88.67,,1.47%,0.88%,3.20%,9.03%,11.34%,16.70x,,
CMCSA:US,COMCAST CORP,US,A-,Communication Services,28.33,6.56%,7.04%,7.64%,4.66%,0.12%,-21.84%,6.83x,3.42x,5.57x
CME:US,CME GROUP INC,US,AA-,Financials,293.78,-51.92%,-10.21%,1.91%,1.72%,7.19%,72.18%,25.83x,24.29x,25.90x
CMG:US,CHIPOTLE MEXICAN GRILL INC,US,,Consumer Discretionary,30.86,,,,,12.99%,76.91%,26.54x,19.62x,29.24x
CMI:US,CUMMINS INC,US,A,Industrials,523.24,9.14%,8.15%,7.66%,1.53%,14.40%,43.38%,21.51x,19.57x,28.65x
CMS:US,CMS ENERGY CORP,US,BBB+,Utilities,76.21,5.34%,5.65%,5.89%,2.99%,7.71%,38.33%,20.75x,9.83x,
CNC:US,CENTENE CORP,US,BBB-,Health Care,32.00,,,,,36.11%,-61.44%,13.93x,3.68x,4.58x
CNP:US,CENTERPOINT ENERGY INC,US,BBB+,Utilities,42.38,8.64%,7.95%,3.87%,2.17%,8.68%,57.37%,23.61x,10.50x,
COF:US,CAPITAL ONE FINANCIAL CORP,US,BBB,Financials,176.10,8.33%,2.78%,32.13%,1.82%,12.71%,-40.56%,8.92x,,
COO:US,COOPER COS INC,US,NR,Health Care,69.77,,-50.00%,-25.00%,,8.88%,7.64%,16.15x,15.87x,27.30x
COP:US,CONOCOPHILLIPS,US,A-,Energy,133.80,1.92%,-14.32%,31.44%,2.51%,10.38%,44.69%,21.70x,8.50x,22.03x
COR:US,CENCORA INC,US,BBB+,Health Care,312.45,7.84%,6.14%,5.80%,0.77%,11.04%,24.04%,18.61x,15.71x,19.66x
COST:US,COSTCO WHOLESALE CORP,US,AA,Consumer Staples,983.86,-74.59%,114.40%,129.99%,0.53%,10.47%,236.74%,50.51x,32.94x,56.97x
CPAY:US,CORPAY INC,US,BB+,Financials,284.93,,,,,16.77%,-24.37%,12.68x,12.83x,14.30x
CPB:US,CAMPBELLS CO,US,BBB-,Consumer Staples,21.99,4.05%,1.35%,1.94%,7.09%,-1.85%,-40.55%,8.92x,5.63x,9.53x
CPRT:US,COPART INC,US,,Industrials,32.43,,,,,5.80%,37.10%,20.57x,18.24x,25.19x
CRM:US,SALESFORCE INC,US,A+,Information Technology,179.31,4.00%,4.00%,4.00%,0.98%,11.85%,-5.26%,14.21x,11.24x,11.70x
CSCO:US,CISCO SYSTEMS INC,US,AA-,Information Technology,79.92,2.53%,2.60%,2.67%,2.10%,7.93%,32.12%,19.82x,21.63x,23.35x
CSX:US,CSX CORP,US,BBB+,Industrials,39.67,8.33%,9.14%,8.45%,1.41%,12.71%,58.69%,23.80x,15.68x,37.19x
CTAS:US,CINTAS CORP,US,A-,Industrials,165.71,15.56%,18.00%,25.26%,1.09%,11.09%,130.02%,34.50x,29.26x,34.94x
CTSH:US,COGNIZANT TECHNOLOGY SOLUTIONS CORP,US,,Information Technology,59.73,3.33%,4.73%,7.16%,2.21%,8.34%,-25.82%,11.13x,9.99x,11.10x
CTVA:US,CORTEVA INC,US,A-,Materials,81.99,6.06%,6.47%,6.13%,0.88%,10.63%,60.59%,24.09x,17.58x,21.34x
CVS:US,CVS HEALTH CORP,US,BBB,Health Care,70.08,,6.64%,5.98%,3.80%,12.08%,-31.76%,10.24x,8.66x,11.56x
CVX:US,CHEVRON CORP,US,AA-,Energy,211.15,4.91%,6.40%,5.81%,3.37%,14.47%,90.92%,28.64x,11.38x,21.75x
CZR:US,CAESARS ENTERTAINMENT INC,US,NR,Consumer Discretionary,25.85,,,,,41.46%,,,4.00x,8.93x
D:US,DOMINION ENERGY INC,US,BBB+,Utilities,60.88,,,-4.20%,4.39%,5.97%,17.38%,17.61x,9.47x,
DAL:US,DELTA AIR LINES INC,US,BBB-,Industrials,64.83,35.00%,92.50%,28.33%,1.16%,16.18%,-33.92%,10.69x,5.01x,11.35x
DD:US,DUPONT DE NEMOURS INC,US,BBB+,Materials,45.26,12.38%,9.01%,7.41%,1.77%,16.68%,48.59%,24.79x,13.80x,18.30x
DE:US,DEERE & CO,US,A,Industrials,566.64,10.20%,14.16%,16.40%,1.14%,18.23%,71.10%,31.19x,23.63x,44.82x
DG:US,DOLLAR GENERAL CORP,US,BBB,Consumer Staples,117.16,,2.42%,10.98%,2.01%,9.51%,12.93%,16.94x,7.36x,11.55x
DGX:US,QUEST DIAGNOSTICS INC,US,BBB+,Health Care,195.51,6.42%,6.61%,7.35%,1.76%,8.02%,29.90%,19.49x,11.90x,16.71x
DHI:US,HORTON DR INC,US,BBB+,Consumer Discretionary,134.19,33.33%,21.48%,18.25%,1.34%,11.95%,-18.92%,12.16x,12.42x,13.26x
DHR:US,DANAHER CORP,US,A-,Health Care,181.52,18.52%,13.10%,15.00%,0.88%,8.57%,52.35%,22.85x,19.66x,23.92x
DIS:US,WALT DISNEY CO,US,A,Communication Services,92.42,33.33%,33.33%,-33.33%,1.62%,10.92%,-1.87%,14.72x,8.99x,16.71x
DISCK:US,DISCOVERY INC,US,,Communication Services,24.42,,,,,-31.68%,4.38%,15.66x,45.87x,
DLR:US,DIGITAL REALTY TRUST INC,US,BBB+,Real Estate,175.42,,,1.75%,2.78%,-8.17%,268.12%,55.22x,23.32x,26.33x
DLTR:US,DOLLAR TREE INC,US,BBB,Consumer Staples,107.00,,,,,12.86%,20.89%,18.13x,8.86x,16.52x
DOC:US,HEALTHPEAK PROPERTIES INC,US,BBB+,Real Estate,16.59,1.67%,0.56%,-3.45%,7.35%,35.89%,253.90%,127.00x,9.13x,9.98x
DOV:US,DOVER CORP,US,BBB+,Industrials,206.60,0.98%,0.99%,1.00%,1.01%,9.31%,39.93%,20.99x,20.53x,24.41x
DOW:US,DOW INC,US,,Materials,40.82,-25.00%,-8.33%,-5.00%,3.43%,70.23%,,,17.98x,
DPZ:US,DOMINOS PIZZA INC,US,,Consumer Discretionary,348.14,15.23%,16.68%,17.51%,2.29%,9.81%,28.16%,19.22x,14.91x,17.62x
DRI:US,DARDEN RESTAURANTS INC,US,BBB,Consumer Discretionary,192.49,6.87%,8.38%,33.54%,3.12%,8.53%,23.04%,18.46x,12.18x,21.04x
DTE:US,DTE ENERGY CO,US,BBB+,Utilities,144.47,6.87%,7.13%,4.84%,3.23%,6.88%,29.34%,19.40x,8.78x,
DUK:US,DUKE ENERGY CORP,US,BBB+,Utilities,129.99,1.93%,1.97%,2.01%,3.28%,6.60%,35.37%,20.30x,8.23x,
DVA:US,DAVITA INC,US,BB,Health Care,154.43,,,,,17.99%,-25.83%,13.35x,5.76x,8.28x
DVN:US,DEVON ENERGY CORP,US,BBB,Energy,52.07,-33.79%,-42.59%,44.88%,1.84%,8.95%,-12.28%,13.16x,4.53x,10.33x
DXC:US,DXC TECHNOLOGY CO,US,BBB-,Information Technology,11.81,,,-100.00%,,5.13%,-75.26%,3.71x,1.71x,3.13x
DXCM:US,DEXCOM INC,US,,Health Care,62.25,,,,,18.79%,51.51%,28.47x,17.38x,23.67x
EA:US,ELECTRONIC ARTS INC,US,BBB+,Communication Services,202.01,,3.92%,27.94%,0.38%,9.30%,55.85%,23.38x,21.05x,23.28x
EBAY:US,EBAY INC,US,BBB+,Consumer Discretionary,87.98,7.41%,9.68%,12.75%,1.41%,9.99%,3.95%,15.59x,16.61x,21.41x
ECL:US,ECOLAB INC,US,A-,Materials,261.37,13.56%,9.22%,7.30%,1.12%,12.86%,124.59%,33.69x,24.73x,38.56x
ED:US,CONSOLIDATED EDISON INC,US,A-,Utilities,111.68,2.41%,2.47%,2.13%,3.18%,6.46%,28.50%,19.27x,8.36x,
EFX:US,EQUIFAX INC,US,BBB,Industrials,171.85,21.15%,7.05%,4.23%,1.30%,17.38%,25.66%,21.85x,13.29x,19.13x
EG:US,EVEREST GROUP LTD,US,BBB+,Financials,317.93,3.23%,7.27%,5.33%,2.52%,15.01%,-54.91%,6.77x,3.67x,
EIX:US,EDISON INTERNATIONAL,US,BBB-,Utilities,70.30,41.45%,8.37%,7.01%,4.99%,2.35%,-17.45%,10.90x,4.13x,87.38x
EL:US,ESTEE LAUDER COMPANIES INC,US,A-,Consumer Staples,67.23,-35.23%,-7.39%,7.86%,2.08%,29.36%,12.29%,32.97x,19.93x,42.93x
ELV:US,ELEVANCE HEALTH INC,US,A-,Health Care,286.39,4.91%,10.22%,12.58%,2.40%,4.28%,-34.57%,9.81x,13.59x,18.07x
EMN:US,EASTMAN CHEMICAL CO,US,BBB,Materials,71.20,2.15%,2.75%,4.54%,4.72%,12.74%,-14.05%,12.89x,8.43x,17.67x
EMR:US,EMERSON ELECTRIC CO,US,A,Industrials,125.40,0.48%,0.80%,1.08%,1.77%,9.81%,33.84%,20.08x,20.14x,22.92x
ENB:US,ENBRIDGE INC,US,BBB+,Energy,54.58,1.13%,0.48%,2.29%,4.88%,4.71%,65.06%,24.76x,12.55x,44.39x
ENPH:US,ENPHASE ENERGY INC,US,,Information Technology,37.84,,,,,4.12%,-8.43%,13.73x,25.88x,34.41x
EOG:US,EOG RESOURCES INC,US,A-,Energy,149.56,8.38%,-20.98%,50.88%,2.73%,12.05%,-2.16%,14.68x,7.89x,20.79x
EPR:US,EPR PROPERTIES,US,BB+,Real Estate,48.71,3.53%,2.70%,24.76%,7.64%,2.30%,15.48%,15.13x,9.42x,9.37x
EQIX:US,EQUINIX INC,US,BBB+,Real Estate,963.00,10.09%,14.85%,12.09%,2.14%,10.95%,345.95%,66.89x,24.51x,24.51x
EQR:US,EQUITY RESIDENTIAL,US,A-,Real Estate,58.75,2.42%,3.58%,3.00%,4.78%,-14.04%,52.53%,22.88x,14.64x,16.99x
ES:US,EVERSOURCE ENERGY,US,BBB+,Utilities,67.59,5.25%,5.68%,5.81%,4.66%,4.62%,-5.85%,14.12x,6.23x,
ESS:US,ESSEX PROPERTY TRUST INC,US,BBB+,Real Estate,239.61,5.18%,5.35%,4.43%,4.32%,-10.50%,71.38%,25.71x,15.01x,17.03x
ETN:US,EATON CORP PLC,US,A-,Industrials,357.36,10.64%,8.70%,7.36%,1.23%,12.89%,92.55%,28.88x,30.07x,37.93x
ETR:US,ENTERGY CORP,US,BBB+,Utilities,109.88,6.32%,5.98%,5.47%,2.33%,11.73%,82.00%,27.30x,9.76x,
ETSY:US,ETSY INC,US,,Consumer Discretionary,47.31,,,,,32.18%,-17.40%,26.58x,8.53x,9.15x
EVRG:US,EVERGY INC,US,BBB+,Utilities,80.85,3.95%,5.01%,5.65%,3.44%,8.39%,37.17%,20.57x,8.94x,
EW:US,EDWARDS LIFESCIENCES CORP,US,BBB,Health Care,79.34,,,,,12.86%,99.19%,29.88x,30.04x,33.91x
EXC:US,EXELON CORP,US,A-,Utilities,48.32,5.26%,5.83%,8.25%,3.48%,5.69%,15.51%,17.33x,7.60x,
EXPD:US,EXPEDITORS INTERNATIONAL OF WASHINGTON INC,US,,Industrials,141.22,5.48%,4.75%,8.26%,1.09%,3.18%,59.51%,23.69x,19.82x,20.94x
EXPE:US,EXPEDIA GROUP INC,US,BBB,Consumer Discretionary,225.81,,,-100.00%,0.85%,16.87%,-20.06%,13.48x,7.50x,9.39x
EXR:US,EXTRA SPACE STORAGE INC,US,BBB+,Real Estate,128.96,,2.67%,13.27%,5.02%,5.17%,86.49%,27.97x,15.69x,16.69x
FANG:US,DIAMONDBACK ENERGY INC,US,BBB,Energy,201.84,-51.75%,-19.61%,73.97%,2.08%,8.43%,3.20%,15.48x,6.67x,10.96x
FAST:US,FASTENAL CO,US,,Industrials,44.95,12.18%,14.46%,6.82%,2.14%,9.28%,166.29%,39.94x,39.25x,49.08x
FCX:US,FREEPORT MCMORAN INC,US,BBB-,Materials,56.24,,,103.33%,1.07%,28.97%,-5.55%,27.37x,12.73x,43.86x
FDX:US,FEDEX CORP,US,BBB,Industrials,343.97,9.52%,24.14%,17.56%,1.69%,14.03%,17.76%,17.66x,10.30x,20.45x
FE:US,FIRSTENERGY CORP,US,BBB+,Utilities,50.03,4.45%,4.13%,2.48%,3.72%,7.42%,28.65%,19.30x,7.94x,
FFIV:US,F5 INC,US,,Information Technology,281.98,,,,,3.14%,20.48%,17.81x,17.68x,18.59x
FIS:US,FIDELITY NATIONAL INFORMATION SERVICES INC,US,BBB,Financials,46.89,11.11%,-3.01%,4.58%,3.75%,9.65%,-46.77%,7.98x,8.09x,9.19x
FISV:US,FISERV INC,US,BBB,Financials,53.90,,,,,6.15%,-57.84%,6.32x,4.88x,6.95x
FITB:US,FIFTH THIRD BANCORP,US,BBB+,Financials,44.54,6.94%,6.92%,7.37%,3.59%,16.74%,-22.01%,13.05x,,
FLG:US,FLAGSTAR BANK NA,US,NR,Financials,13.05,-80.00%,-56.73%,-34.04%,0.31%,138.76%,,,,
FLO:US,FLOWERS FOODS INC,US,BBB-,Consumer Staples,8.40,3.42%,4.14%,4.46%,11.79%,-6.67%,-45.56%,8.17x,4.11x,5.80x
FMC:US,FMC CORP,US,BB+,Materials,15.76,-21.55%,-4.88%,0.99%,2.03%,-2.89%,-60.75%,5.89x,,
FOX:US,FOX CORP,US,BBB,Communication Services,53.38,3.85%,4.00%,3.27%,1.05%,3.46%,-24.19%,11.37x,11.13x,13.67x
FOXA:US,FOX CORP,US,BBB,Communication Services,59.11,3.85%,4.00%,3.27%,0.95%,2.48%,-6.48%,12.58x,12.32x,15.14x
FRCB:US,FIRST REPUBLIC BANK /SAN FRANCISCO CA/,US,NR,Financials,0.00,19.77%,11.32%,9.11%,,160.21%,,,,
FRT:US,FEDERAL REALTY INVESTMENT TRUST,US,BBB+,Real Estate,102.87,1.37%,1.08%,1.02%,4.39%,-9.16%,60.79%,24.12x,14.13x,18.77x
FTNT:US,FORTINET INC,US,BBB+,Information Technology,78.20,,,,,9.27%,85.56%,27.83x,22.34x,25.97x
FTV:US,FORTIVE CORP,US,BBB,Industrials,53.92,-0.22%,4.57%,5.54%,0.45%,8.30%,29.88%,19.48x,16.58x,18.30x
GAP:US,GAP INC,US,BB+,Consumer Discretionary,24.74,10.00%,3.33%,2.40%,2.83%,9.97%,-23.49%,11.48x,7.28x,11.62x
GD:US,GENERAL DYNAMICS CORP,US,A,Industrials,346.76,6.09%,6.01%,6.51%,1.83%,8.28%,47.78%,22.17x,17.39x,23.23x
GE:US,GE AEROSPACE,US,A-,Industrials,282.81,28.57%,131.86%,79.12%,0.66%,14.44%,184.92%,42.74x,34.30x,40.12x
GILD:US,GILEAD SCIENCES INC,US,A-,Health Care,134.25,2.60%,2.67%,3.05%,2.44%,8.93%,8.20%,16.23x,15.94x,16.87x
GIS:US,GENERAL MILLS INC,US,BBB,Consumer Staples,36.45,1.70%,5.61%,4.18%,6.69%,-2.20%,-31.91%,10.21x,7.90x,10.56x
GL:US,GLOBE LIFE INC,US,A,Financials,135.11,11.11%,8.61%,7.41%,0.98%,7.67%,-38.79%,9.18x,7.71x,10.61x
GLW:US,CORNING INC,US,BBB+,Information Technology,136.81,,1.24%,5.06%,0.82%,25.66%,100.93%,51.56x,41.35x,76.20x
GM:US,GENERAL MOTORS CO,US,BBB,Consumer Discretionary,72.98,18.75%,50.69%,13.02%,0.86%,14.67%,-55.87%,6.62x,2.78x,18.69x
GNRC:US,GENERAC HOLDINGS INC,US,,Industrials,194.40,,,,,26.08%,8.83%,28.38x,25.03x,39.81x
GOOG:US,ALPHABET INC,US,AA+,Communication Services,273.76,38.33%,38.33%,38.33%,0.31%,13.28%,66.44%,24.97x,19.32x,54.31x
GOOGL:US,ALPHABET INC,US,AA+,Communication Services,274.34,38.33%,38.33%,38.33%,0.31%,13.30%,66.75%,25.01x,19.36x,54.42x
GPC:US,GENUINE PARTS CO,US,BBB-,Consumer Discretionary,105.02,3.00%,4.80%,5.48%,4.05%,8.81%,-6.14%,14.08x,15.67x,31.75x
GPN:US,GLOBAL PAYMENTS INC,US,BBB-,Financials,65.90,,,5.29%,1.52%,15.45%,-66.19%,5.22x,5.24x,6.78x
GRMN:US,GARMIN LTD,US,,Consumer Discretionary,230.16,15.77%,6.64%,7.65%,1.82%,9.96%,75.31%,26.30x,26.07x,31.64x
GS:US,GOLDMAN SACHS GROUP INC,US,BBB+,Financials,802.89,21.74%,15.98%,23.28%,2.24%,10.80%,1.07%,15.16x,,
GWW:US,GRAINGER WW INC,US,A+,Industrials,"1,057.07",10.24%,9.21%,8.26%,0.86%,9.68%,74.32%,26.15x,24.55x,36.13x
HAL:US,HALLIBURTON CO,US,BBB+,Energy,40.42,,13.19%,32.68%,1.68%,10.61%,13.67%,17.05x,11.80x,20.00x
HAS:US,HASBRO INC,US,BBB,Consumer Discretionary,88.59,,0.24%,0.59%,3.16%,6.15%,5.85%,15.88x,13.65x,15.71x
HBAN:US,HUNTINGTON BANCSHARES INC,US,BBB+,Financials,15.08,,,0.66%,4.11%,15.01%,-28.76%,10.69x,,
HCA:US,HCA HEALTHCARE INC,US,BBB-,Health Care,471.85,9.09%,8.75%,77.88%,0.66%,9.96%,9.62%,16.44x,8.86x,14.99x
HD:US,HOME DEPOT INC,US,A,Consumer Discretionary,321.65,2.22%,6.63%,9.01%,2.90%,7.00%,45.51%,21.83x,18.82x,24.41x
HIG:US,HARTFORD INSURANCE GROUP INC,US,A-,Financials,132.32,11.92%,10.99%,10.69%,1.81%,5.79%,-34.24%,9.86x,6.22x,8.55x
HII:US,HUNTINGTON INGALLS INDUSTRIES INC,US,BBB-,Industrials,381.79,3.43%,4.34%,5.14%,1.45%,15.22%,58.72%,24.16x,12.67x,20.27x
HLT:US,HILTON WORLDWIDE HOLDINGS INC,US,BB+,Consumer Discretionary,294.04,,11.11%,-16.67%,0.20%,13.76%,135.62%,35.34x,31.54x,33.41x
HOLX:US,HOLOGIC INC,US,B+,Health Care,75.67,,,,,7.14%,16.50%,17.48x,13.88x,17.76x
HON:US,HONEYWELL INTERNATIONAL INC,US,A,Industrials,223.12,6.48%,5.44%,5.10%,2.13%,8.90%,49.38%,22.41x,22.13x,26.42x
HPE:US,HEWLETT PACKARD ENTERPRISE CO,US,BBB,Information Technology,23.94,,2.78%,1.67%,2.38%,14.66%,-25.19%,11.22x,8.97x,26.56x
HPQ:US,HP INC,US,BBB,Information Technology,19.44,5.01%,5.00%,10.80%,6.17%,3.39%,-57.17%,6.42x,5.02x,6.56x
HRL:US,HORMEL FOODS CORP,US,A-,Consumer Staples,23.07,2.66%,3.72%,4.53%,5.07%,6.61%,8.75%,16.31x,12.99x,19.79x
HSIC:US,SCHEIN HENRY INC,US,,Health Care,72.10,,,,,8.87%,-4.84%,14.27x,12.39x,15.35x
HST:US,HOST HOTELS & RESORTS INC,US,BBB-,Real Estate,18.84,5.56%,25.12%,-6.16%,4.25%,-7.60%,18.76%,17.81x,9.09x,11.97x
HSY:US,HERSHEY CO,US,A,Consumer Staples,213.73,,12.67%,11.95%,2.72%,18.76%,67.52%,31.43x,18.90x,25.29x
HUM:US,HUMANA INC,US,BBB,Health Care,169.09,,4.13%,7.38%,2.09%,19.43%,-42.87%,11.10x,15.20x,23.20x
HWM:US,HOWMET AEROSPACE INC,US,BBB+,Industrials,227.90,69.23%,64.06%,100.62%,0.21%,18.01%,219.22%,57.48x,47.57x,62.37x
IBM:US,INTERNATIONAL BUSINESS MACHINES CORP,US,A-,Information Technology,236.34,0.60%,0.60%,1.54%,2.84%,8.36%,33.77%,20.07x,15.85x,17.32x
ICE:US,INTERCONTINENTAL EXCHANGE INC,US,A-,Financials,152.67,6.67%,8.11%,9.90%,1.36%,10.70%,43.19%,21.48x,18.19x,19.99x
IDXX:US,IDEXX LABORATORIES INC,US,,Health Care,558.32,,,,,12.51%,177.18%,41.58x,37.67x,42.37x
IEX:US,IDEX CORP,US,BBB,Industrials,186.55,4.06%,6.43%,7.13%,1.52%,7.31%,54.88%,23.23x,20.44x,22.78x
IFF:US,INTERNATIONAL FLAVORS & FRAGRANCES INC,US,BBB-,Materials,71.01,,-16.46%,-8.83%,2.25%,6.69%,11.35%,16.70x,19.44x,55.28x
ILMN:US,ILLUMINA INC,US,BBB,Health Care,117.67,,,,,11.49%,59.82%,23.97x,17.27x,20.78x
INCY:US,INCYTE CORP,US,NR,Health Care,90.30,,,,,12.31%,-13.55%,12.97x,12.18x,12.68x
INTC:US,INTEL CORP,US,BBB,Information Technology,43.13,-100.00%,-66.21%,-37.66%,,40.88%,143.03%,99.35x,18.42x,
INTU:US,INTUIT INC,US,A,Information Technology,416.44,15.56%,15.22%,14.44%,1.15%,14.35%,25.54%,18.83x,16.49x,16.97x
IP:US,INTERNATIONAL PAPER CO,US,BBB,Materials,35.45,,,-0.95%,5.22%,135.24%,11.66%,110.54x,9.60x,
IPGP:US,IPG PHOTONICS CORP,US,,Information Technology,115.70,,,,,61.34%,102.76%,124.37x,52.72x,534.80x
IR:US,INGERSOLL RAND INC,US,BBB,Industrials,79.45,,,75.00%,0.10%,8.60%,56.49%,23.47x,22.89x,25.46x
IRM:US,IRON MOUNTAIN INC,US,BB-,Real Estate,98.30,17.91%,9.36%,5.61%,3.52%,7.48%,199.63%,44.94x,18.52x,18.52x
ISRG:US,INTUITIVE SURGICAL INC,US,,Health Care,452.66,,,,,13.75%,228.58%,49.29x,49.13x,57.72x
IT:US,GARTNER INC,US,BBB-,Information Technology,155.42,,,,,7.89%,-21.39%,11.79x,9.02x,9.88x
ITW:US,ILLINOIS TOOL WORKS INC,US,A+,Industrials,259.04,7.24%,7.12%,7.07%,2.49%,6.77%,62.03%,24.30x,23.39x,26.70x
IVZ:US,INVESCO LTD,US,BBB+,Financials,23.20,2.45%,4.49%,1.88%,3.62%,17.78%,-40.09%,10.65x,,8.00x
J:US,JACOBS SOLUTIONS INC,US,BBB-,Industrials,125.89,33.19%,15.70%,19.14%,1.14%,12.73%,26.73%,19.01x,20.30x,24.59x
JBHT:US,HUNT JB TRANSPORT SERVICES INC,US,BBB+,Industrials,205.59,2.33%,3.24%,10.91%,0.88%,15.97%,102.02%,32.26x,12.19x,21.69x
JCI:US,JOHNSON CONTROLS INTERNATIONAL PLC,US,BBB+,Industrials,131.29,2.03%,2.80%,8.24%,1.22%,16.89%,83.25%,30.94x,35.36x,43.82x
JKHY:US,HENRY JACK & ASSOCIATES INC,US,,Financials,153.31,5.61%,5.96%,6.37%,1.59%,7.27%,55.67%,23.35x,17.29x,22.50x
JNJ:US,JOHNSON & JOHNSON,US,AAA,Health Care,240.45,4.68%,4.92%,5.25%,2.16%,8.55%,46.16%,21.92x,22.67x,27.71x
JNPR:US,JUNIPER NETWORKS INC,US,BBB,,39.95,,3.25%,3.01%,2.20%,9.76%,39.78%,20.97x,25.13x,30.56x
JPM:US,JPMORGAN CHASE & CO,US,A,Financials,282.84,20.65%,11.83%,9.27%,2.12%,8.57%,-7.47%,13.88x,,
K:US,KELLANOVA,US,NR,,83.44,1.34%,1.40%,1.28%,2.78%,3.71%,52.20%,22.83x,19.21x,26.93x
KEY:US,KEYCORP,US,BBB,Financials,19.45,,1.27%,2.10%,4.22%,16.21%,-24.36%,12.26x,,
KEYS:US,KEYSIGHT TECHNOLOGIES INC,US,BBB,Information Technology,279.06,,,,,14.32%,137.69%,35.65x,33.14x,36.64x
KHC:US,KRAFT HEINZ CO,US,BBB,Consumer Staples,22.04,,,,7.26%,-4.85%,-40.44%,8.93x,6.10x,7.73x
KIM:US,KIMCO REALTY CORP,US,A-,Real Estate,22.22,4.12%,6.88%,5.42%,4.68%,2.67%,97.41%,27.33x,12.52x,17.48x
KLAC:US,KLA CORP,US,A-,Information Technology,"1,443.21",19.47%,17.31%,15.54%,0.53%,20.44%,97.68%,40.41x,40.59x,43.94x
KMB:US,KIMBERLY CLARK CORP,US,A,Consumer Staples,98.66,3.28%,2.80%,3.34%,5.19%,2.76%,-6.72%,13.09x,10.00x,18.78x
KMX:US,CARMAX INC,US,,Consumer Discretionary,40.86,,,,,19.66%,-21.20%,15.49x,2.47x,3.15x
KO:US,COCA COLA CO,US,A+,Consumer Staples,75.71,5.16%,5.05%,4.47%,2.80%,7.47%,65.28%,24.79x,36.04x,47.15x
KR:US,KROGER CO,US,BBB,Consumer Staples,73.22,9.84%,12.59%,14.60%,1.91%,6.97%,-0.59%,14.91x,6.70x,14.49x
KRC:US,KILROY REALTY CORP,US,BBB-,Real Estate,27.98,,0.63%,1.87%,7.72%,-27.48%,-0.37%,14.94x,7.00x,8.83x
KSS:US,KOHLS CORP,US,B+,Consumer Discretionary,12.46,-75.00%,-25.00%,13.41%,4.01%,-2.75%,-47.15%,7.93x,1.09x,1.49x
L:US,LOEWS CORP,US,A,Financials,104.06,,,,0.24%,,,,5.50x,5.53x
LB:CA,LAURENTIAN BANK OF CANADA,CA,BBB,Financials,40.18,,1.86%,-1.68%,4.68%,3.81%,-8.29%,13.76x,,
LDOS:US,LEIDOS HOLDINGS INC,US,BBB,Industrials,155.53,5.84%,4.24%,3.70%,1.11%,5.09%,-13.81%,12.93x,11.50x,12.80x
LEG:US,LEGGETT & PLATT INC,US,BBB-,Consumer Discretionary,9.58,-67.21%,-43.03%,-24.11%,2.09%,8.68%,-39.78%,9.03x,4.35x,4.95x
LEN:US,LENNAR CORP,US,BBB,Consumer Discretionary,90.25,4.07%,12.47%,29.48%,2.22%,9.51%,-18.97%,12.15x,27.46x,36.27x
LH:US,LABCORP HOLDINGS INC,US,,Health Care,264.20,,17.28%,17.28%,1.09%,8.44%,4.94%,15.74x,13.03x,18.07x
LHX:US,L3HARRIS TECHNOLOGIES INC,US,BBB,Industrials,343.00,3.45%,2.33%,7.36%,1.46%,13.65%,109.57%,31.43x,20.01x,23.37x
LIN:US,LINDE PLC,US,A,Materials,491.12,7.91%,8.64%,9.27%,1.30%,9.34%,94.96%,29.24x,21.94x,43.69x
LKQ:US,LKQ CORP,US,BBB-,Consumer Discretionary,29.18,,5.47%,81.61%,4.11%,6.61%,-35.67%,9.65x,7.15x,9.09x
LLY:US,LILLY ELI & CO,US,A+,Health Care,878.24,15.39%,15.25%,15.18%,0.79%,25.19%,31.02%,33.00x,39.84x,62.59x
LMT:US,LOCKHEED MARTIN CORP,US,A-,Industrials,615.84,4.71%,5.41%,6.39%,2.24%,13.63%,74.92%,26.24x,16.41x,20.95x
LNC:US,LINCOLN NATIONAL CORP,US,BBB+,Financials,34.18,,,2.43%,5.27%,5.09%,-72.16%,4.18x,27.88x,
LNT:US,ALLIANT ENERGY CORP,US,BBB+,Utilities,70.52,5.73%,5.89%,5.96%,3.03%,7.50%,43.90%,21.58x,13.47x,
LOW:US,LOWES COMPANIES INC,US,BBB+,Consumer Discretionary,230.31,4.40%,6.37%,16.24%,2.08%,6.72%,24.46%,18.67x,13.05x,16.90x
LRCX:US,LAM RESEARCH CORP,US,A-,Information Technology,211.41,15.00%,15.31%,14.87%,0.49%,22.52%,87.54%,42.24x,45.35x,50.41x
LTC:US,LTC PROPERTIES INC,US,,Real Estate,37.24,,,,6.12%,-9.96%,4.95%,15.74x,19.38x,13.01x
LUMN:US,LUMEN TECHNOLOGIES INC /LA/,US,B-,Communication Services,6.67,,-100.00%,-41.67%,,19.44%,,,1.42x,11.48x
LUV:US,SOUTHWEST AIRLINES CO,US,BBB,Industrials,37.36,,-10.00%,-40.00%,1.93%,53.94%,-57.19%,23.09x,8.96x,
LVS:US,LAS VEGAS SANDS CORP,US,BBB-,Consumer Discretionary,51.69,25.00%,62.50%,8.33%,2.32%,10.54%,12.24%,16.84x,11.58x,18.11x
LW:US,LAMB WESTON HOLDINGS INC,US,BB+,Consumer Staples,41.60,14.06%,15.11%,11.34%,3.65%,9.18%,-1.22%,14.82x,6.77x,17.91x
LYB:US,LYONDELLBASELL INDUSTRIES NV,US,BBB-,Materials,80.45,3.42%,-13.34%,17.74%,3.43%,39.20%,-4.20%,37.56x,11.47x,48.60x
LYV:US,LIVE NATION ENTERTAINMENT INC,US,BB-,Communication Services,145.71,,,,,204.38%,761.46%,852.84x,22.05x,59.67x
MA:US,MASTERCARD INC,US,A+,Financials,484.24,15.15%,15.76%,13.73%,0.72%,15.63%,75.91%,27.49x,24.25x,25.38x
MAA:US,MID AMERICA APARTMENT COMMUNITIES INC,US,A-,Real Estate,120.57,3.06%,9.28%,8.87%,5.08%,3.95%,118.76%,32.81x,13.86x,15.94x
MAIN:US,MAIN STREET CAPITAL CORP,US,BBB-,Financials,51.53,2.92%,13.21%,13.64%,6.05%,0.91%,25.56%,12.96x,16.56x,
MAR:US,MARRIOTT INTERNATIONAL INC,US,BBB,Consumer Discretionary,317.54,9.54%,42.83%,7.13%,0.84%,12.29%,104.13%,30.62x,26.19x,31.98x
MAS:US,MASCO CORP,US,BBB,Industrials,59.50,6.90%,3.48%,19.61%,2.15%,9.38%,-1.24%,14.81x,12.20x,14.55x
MAT:US,MATTEL INC,US,BBB,Consumer Discretionary,14.30,,,,,9.42%,-30.53%,10.42x,7.56x,12.16x
MCD:US,MCDONALDS CORP,US,BBB+,Consumer Discretionary,305.90,5.75%,8.22%,7.33%,2.43%,8.20%,63.84%,24.58x,20.14x,29.68x
MCHP:US,MICROCHIP TECHNOLOGY INC,US,NR,Information Technology,62.00,7.97%,26.64%,20.75%,2.94%,55.09%,-28.19%,39.56x,32.50x,33.87x
MCI:CA,MINNOVA CORP,CA,,Materials,0.26,,,,,,,,,
MCK:US,MCKESSON CORP,US,BBB+,Health Care,860.16,14.58%,14.54%,11.26%,0.38%,13.47%,47.21%,22.08x,19.30x,22.71x
MCO:US,MOODYS CORP,US,A-,Financials,424.84,10.59%,10.33%,10.92%,0.97%,12.30%,84.29%,27.64x,25.36x,28.73x
MDLZ:US,MONDELEZ INTERNATIONAL INC,US,BBB,Consumer Staples,58.27,8.38%,9.69%,10.09%,3.43%,6.93%,31.68%,19.75x,16.54x,23.65x
MDT:US,MEDTRONIC PLC,US,A,Health Care,87.14,1.45%,3.62%,5.38%,3.26%,7.45%,3.26%,15.49x,15.12x,18.95x
MET:US,METLIFE INC,US,A-,Financials,67.70,4.29%,4.32%,4.31%,3.35%,11.82%,-50.09%,7.49x,2.80x,3.15x
META:US,META PLATFORMS INC,US,AA-,Communication Services,525.72,5.00%,5.00%,5.00%,0.40%,18.53%,13.81%,21.09x,11.27x,36.58x
MGM:US,MGM RESORTS INTERNATIONAL,US,B+,Consumer Discretionary,36.32,,-100.00%,-64.55%,,5.63%,-18.98%,12.15x,3.71x,6.24x
MHK:US,MOHAWK INDUSTRIES INC,US,BBB+,Consumer Discretionary,96.26,,,,,11.47%,-29.55%,10.57x,5.66x,9.71x
MKC:US,MCCORMICK & CO INC,US,BBB,Consumer Staples,53.07,7.14%,6.75%,7.75%,3.62%,7.32%,16.81%,17.52x,14.12x,17.36x
MKTX:US,MARKETAXESS HOLDINGS INC,US,,Financials,164.12,2.70%,2.78%,4.88%,1.90%,11.29%,44.69%,21.70x,15.71x,18.59x
MLM:US,MARTIN MARIETTA MATERIALS INC,US,BBB+,Materials,570.94,5.88%,8.47%,7.68%,0.58%,19.53%,68.95%,32.99x,19.29x,32.85x
MMM:US,3M CO,US,BBB+,Industrials,143.04,-13.16%,-15.15%,-8.82%,2.18%,8.81%,16.36%,17.45x,25.18x,38.63x
MNST:US,MONSTER BEVERAGE CORP,US,,Consumer Staples,71.83,,,,,10.89%,127.52%,34.13x,32.38x,35.21x
MO:US,ALTRIA GROUP INC,US,BBB+,Consumer Staples,66.48,4.00%,4.17%,4.12%,6.38%,3.61%,-18.93%,12.16x,12.17x,12.20x
MOS:US,MOSAIC CO,US,BBB,Materials,25.00,4.76%,23.81%,42.70%,3.52%,-0.30%,-22.22%,11.67x,7.46x,
MPC:US,MARATHON PETROLEUM CORP,US,BBB,Energy,251.91,10.19%,14.59%,10.22%,1.59%,6.73%,36.87%,20.53x,8.98x,15.79x
MPT:US,MEDICAL PROPERTIES TRUST INC,US,CCC+,Real Estate,4.53,-28.26%,-33.38%,-18.57%,7.95%,64.86%,,,7.56x,10.68x
MPWR:US,MONOLITHIC POWER SYSTEMS INC,US,,Information Technology,"1,053.01",24.80%,27.71%,25.63%,0.76%,20.09%,181.44%,56.53x,56.96x,68.39x
MRK:US,MERCK & CO INC,US,A+,Health Care,119.63,5.13%,5.42%,6.78%,2.84%,11.26%,-1.21%,14.82x,17.97x,22.70x
MS:US,MORGAN STANLEY,US,A-,Financials,158.39,8.45%,9.28%,23.67%,2.53%,8.90%,0.77%,15.12x,,
MSCI:US,MSCI INC,US,BBB-,Financials,523.40,12.50%,16.32%,19.89%,1.57%,12.53%,95.97%,29.40x,25.03x,26.15x
MSFT:US,MICROSOFT CORP,US,AAA,Information Technology,356.77,10.58%,10.22%,10.24%,1.02%,17.14%,31.55%,22.55x,16.30x,37.62x
MSI:US,MOTOROLA SOLUTIONS INC,US,BBB,Information Technology,438.32,11.17%,11.29%,11.24%,1.10%,7.95%,86.01%,27.90x,25.61x,28.19x
MTB:US,M&T BANK CORP,US,BBB+,Financials,200.93,6.54%,5.92%,5.34%,2.99%,11.30%,-23.00%,11.55x,,
MTD:US,METTLER TOLEDO INTERNATIONAL INC,US,NR,Health Care,"1,232.04",,,,,10.17%,88.31%,28.25x,26.22x,29.29x
MU:US,MICRON TECHNOLOGY INC,US,BBB,Information Technology,357.22,,3.61%,3.61%,0.14%,35.45%,-72.47%,9.76x,9.13x,18.29x
MXIM:US,MAXIM INTEGRATED PRODUCTS LLC,US,NR,,103.14,-75.00%,-17.57%,-4.90%,,,,,,
NCLH:US,NORWEGIAN CRUISE LINE HOLDINGS LTD,US,,Consumer Discretionary,18.49,,,,,12.16%,-43.29%,8.51x,4.03x,
NDAQ:US,NASDAQ INC,US,BBB+,Financials,81.48,11.70%,10.42%,10.19%,1.33%,13.21%,51.88%,22.78x,20.14x,22.74x
NEE:US,NEXTERA ENERGY INC,US,A-,Utilities,91.40,10.00%,10.05%,10.11%,2.73%,8.50%,61.07%,24.16x,14.33x,
NEM:US,NEWMONT CORP,US,BBB+,Materials,102.10,,-21.59%,9.35%,1.02%,15.07%,-11.73%,13.30x,10.20x,14.31x
NFLX:US,NETFLIX INC,US,A,Communication Services,93.43,,,,,21.18%,64.91%,34.93x,38.16x,40.99x
NI:US,NISOURCE INC,US,BBB+,Utilities,45.97,5.66%,6.01%,5.93%,2.61%,8.30%,58.35%,23.75x,9.24x,
NKE:US,NIKE INC,US,A+,Consumer Discretionary,51.37,8.45%,9.91%,10.62%,3.19%,26.90%,17.56%,31.62x,24.76x,31.59x
NLSN:US,NIELSEN HOLDINGS LTD,US,NR,,27.98,,-32.84%,-16.82%,0.86%,,,,,
NLY:US,ANNALY CAPITAL MANAGEMENT INC,US,,Financials,20.77,7.69%,-6.15%,-4.35%,13.48%,-0.15%,-52.83%,7.08x,7.08x,6.49x
NNN:US,NNN REIT INC,US,BBB+,Real Estate,41.94,3.06%,3.00%,2.66%,5.72%,1.98%,63.03%,20.31x,12.21x,12.10x
NOC:US,NORTHROP GRUMMAN CORP,US,BBB+,Industrials,679.00,11.68%,9.98%,9.66%,1.36%,6.67%,69.47%,25.42x,20.25x,29.44x
NOV:US,NOV INC,US,BBB,Energy,19.88,85.46%,40.99%,84.59%,1.58%,47.32%,-21.63%,37.08x,6.52x,9.57x
NOW:US,SERVICENOW INC,US,A,Information Technology,99.41,,,,,19.98%,35.58%,27.09x,18.16x,21.44x
NRG:US,NRG ENERGY INC,US,BB,Utilities,147.74,7.98%,7.93%,7.96%,1.29%,18.11%,-2.28%,17.69x,12.96x,21.61x
NSC:US,NORFOLK SOUTHERN CORP,US,BBB+,Industrials,283.25,,2.96%,7.75%,1.91%,6.28%,52.02%,22.80x,14.87x,29.17x
NTAP:US,NETAPP INC,US,BBB+,Information Technology,102.34,4.00%,1.33%,1.63%,2.03%,8.25%,-13.76%,12.94x,12.75x,13.87x
NTRS:US,NORTHERN TRUST CORP,US,A+,Financials,134.99,3.33%,2.26%,2.07%,2.37%,11.20%,-2.66%,14.60x,,
NUE:US,NUCOR CORP,US,A-,Materials,163.37,1.84%,3.22%,6.64%,1.37%,17.73%,5.39%,18.68x,10.52x,118.16x
NVDA:US,NVIDIA CORP,US,AA-,Information Technology,167.52,17.65%,43.38%,26.03%,0.02%,36.71%,-13.55%,31.73x,35.53x,41.62x
NVR:US,NVR INC,US,BBB+,Consumer Discretionary,"6,450.76",,,,,8.55%,0.86%,15.13x,17.75x,17.72x
NWL:US,NEWELL BRANDS INC,US,B+,Consumer Discretionary,3.40,,-29.51%,-17.71%,8.24%,6.35%,-60.23%,5.96x,4.67x,23.70x
NWN:US,NORTHWEST NATURAL HOLDING CO,US,A-,Utilities,52.83,0.51%,0.52%,0.52%,3.73%,4.71%,19.06%,17.86x,7.86x,
NWS:US,NEWS CORP,US,BBB-,Communication Services,27.79,,,,0.72%,15.97%,71.34%,27.36x,14.34x,21.21x
NWSA:US,NEWS CORP,US,BBB-,Communication Services,24.24,,,,0.83%,15.97%,49.45%,23.86x,12.51x,18.50x
NXPI:US,NXP SEMICONDUCTORS NV,US,BBB+,Information Technology,191.66,,6.67%,24.04%,2.12%,18.61%,-16.26%,15.58x,15.85x,18.15x
O:US,REALTY INCOME CORP,US,A-,Real Estate,60.69,11.57%,5.61%,5.27%,5.35%,15.26%,211.59%,47.56x,14.12x,14.08x
ODFL:US,OLD DOMINION FREIGHT LINE INC,US,,Industrials,188.34,7.69%,23.68%,30.72%,0.62%,13.22%,157.35%,38.60x,28.93x,39.67x
OHI:US,OMEGA HEALTHCARE INVESTORS INC,US,BBB-,Real Estate,44.54,,,,6.02%,1.44%,101.19%,22.88x,14.23x,14.89x
OKE:US,ONEOK INC,US,BBB,Energy,93.96,4.04%,3.28%,1.97%,4.56%,7.27%,14.53%,17.18x,10.24x,22.36x
OLP:US,ONE LIBERTY PROPERTIES INC,US,,Real Estate,21.44,,,,8.40%,-4.75%,40.40%,21.06x,11.10x,11.10x
OMC:US,OMNICOM GROUP INC,US,BBB+,Communication Services,73.82,3.57%,1.19%,2.25%,4.33%,16.96%,-52.51%,8.05x,4.93x,5.37x
ORCL:US,ORACLE CORP,US,BBB,Information Technology,139.66,6.25%,10.05%,12.31%,1.43%,19.28%,0.06%,19.29x,16.40x,
ORI:US,OLD REPUBLIC INTERNATIONAL CORP,US,BBB+,Financials,39.42,198.11%,52.44%,83.30%,3.20%,5.44%,-18.10%,12.28x,8.60x,8.60x
ORLY:US,OREILLY AUTOMOTIVE INC,US,BBB,Consumer Discretionary,90.11,,,,,9.94%,98.63%,29.79x,26.71x,45.54x
OTIS:US,OTIS WORLDWIDE CORP,US,BBB,Industrials,75.95,9.27%,14.19%,23.31%,2.21%,9.79%,22.95%,18.44x,18.09x,19.99x
OXY:US,OCCIDENTAL PETROLEUM CORP,US,BB+,Energy,65.32,9.09%,23.26%,234.93%,1.59%,18.19%,62.42%,29.54x,6.16x,13.43x
PAYC:US,PAYCOM SOFTWARE INC,US,,Industrials,117.06,,16.67%,16.67%,1.28%,9.81%,-17.74%,12.34x,9.57x,15.31x
PAYX:US,PAYCHEX INC,US,BBB+,Industrials,91.68,10.14%,13.26%,10.27%,4.71%,7.15%,13.03%,16.95x,13.65x,15.11x
PBCT:US,PEOPLES UNITED FINANCIAL INC,US,NR,,19.41,1.39%,1.41%,1.43%,3.76%,,,,,
PCAR:US,PACCAR INC,US,A+,Industrials,112.75,-34.77%,5.12%,21.27%,1.17%,14.25%,46.33%,21.95x,14.66x,20.45x
PEG:US,PUBLIC SERVICE ENTERPRISE GROUP INC,US,BBB+,Utilities,80.71,5.00%,5.27%,5.16%,3.32%,7.27%,30.41%,19.56x,11.81x,
PENN:US,PENN ENTERTAINMENT INC,US,B,Consumer Discretionary,13.77,,,,,34.07%,,,3.68x,
PEP:US,PEPSICO INC,US,A+,Consumer Staples,153.04,5.49%,7.52%,6.94%,3.72%,6.37%,23.61%,18.54x,16.15x,25.41x
PFE:US,PFIZER INC,US,A,Health Care,27.04,2.38%,2.44%,3.65%,6.36%,-8.77%,-42.91%,8.56x,11.53x,14.38x
PFG:US,PRINCIPAL FINANCIAL GROUP INC,US,A-,Financials,87.01,8.07%,6.42%,6.62%,3.68%,9.99%,-32.05%,10.19x,,5.19x
PG:US,PROCTER & GAMBLE CO,US,AA-,Consumer Staples,142.71,6.47%,4.99%,6.14%,2.96%,5.29%,37.22%,20.58x,18.32x,23.64x
PGR:US,PROGRESSIVE CORP,US,A,Financials,198.84,326.09%,171.20%,112.27%,0.20%,-3.05%,-24.88%,11.27x,7.16x,7.34x
PH:US,PARKER HANNIFIN CORP,US,BBB+,Industrials,888.44,10.21%,14.98%,13.93%,0.81%,9.65%,97.14%,29.57x,29.24x,33.64x
PHM:US,PULTEGROUP INC,US,BBB+,Consumer Discretionary,114.63,12.20%,14.75%,13.06%,0.91%,7.41%,-29.99%,10.50x,13.16x,12.55x
PKG:US,PACKAGING CORPORATION OF AMERICA,US,BBB,Materials,212.25,,1.75%,8.54%,2.36%,10.10%,40.65%,21.10x,12.18x,25.96x
PLD:US,PROLOGIS INC,US,A,Real Estate,128.90,5.21%,8.56%,11.94%,3.32%,4.00%,144.95%,36.74x,21.90x,27.92x
PM:US,PHILIP MORRIS INTERNATIONAL INC,US,A-,Consumer Staples,163.54,6.42%,3.84%,3.55%,3.60%,9.71%,40.60%,21.09x,19.98x,22.66x
PNC:US,PNC FINANCIAL SERVICES GROUP INC,US,A-,Financials,202.39,4.76%,4.71%,7.65%,3.36%,11.67%,-20.53%,11.92x,,
PNR:US,PENTAIR PLC,US,BBB-,Industrials,84.92,8.70%,6.00%,5.65%,1.27%,8.37%,12.76%,16.91x,16.49x,18.05x
PNW:US,PINNACLE WEST CAPITAL CORP,US,BBB+,Utilities,99.69,1.70%,1.73%,2.51%,3.65%,7.45%,33.80%,20.07x,7.03x,
POOL:US,POOL CORP,US,,Consumer Discretionary,198.74,5.32%,9.26%,17.09%,2.52%,7.03%,22.74%,18.41x,19.12x,22.40x
POR:US,PORTLAND GENERAL ELECTRIC CO,US,BBB+,Utilities,51.71,5.06%,5.10%,5.54%,4.06%,7.10%,9.81%,16.47x,5.23x,
PPG:US,PPG INDUSTRIES INC,US,BBB+,Materials,103.82,4.51%,4.73%,5.78%,2.74%,8.06%,-9.73%,13.54x,11.95x,19.70x
PPL:US,PPL CORP,US,A-,Utilities,37.65,5.83%,7.61%,-4.89%,3.03%,8.00%,36.19%,20.43x,10.24x,
PRGO:US,PERRIGO CO PLC,US,B+,Health Care,9.53,5.07%,3.72%,5.23%,12.17%,0.86%,-64.17%,3.66x,5.51x,7.36x
PRU:US,PRUDENTIAL FINANCIAL INC,US,A,Financials,93.29,3.85%,4.00%,4.18%,6.00%,4.93%,-56.68%,6.50x,4.69x,6.05x
PSA:US,PUBLIC STORAGE,US,A,Real Estate,266.01,,-14.42%,24.22%,4.51%,4.41%,92.50%,28.87x,15.69x,16.87x
PSX:US,PHILLIPS 66,US,BBB+,Energy,188.28,5.56%,7.45%,5.74%,2.70%,20.23%,15.59%,23.38x,13.93x,23.96x
PWR:US,QUANTA SERVICES INC,US,BBB,Industrials,549.98,11.11%,12.63%,14.91%,0.08%,18.48%,163.52%,48.70x,35.94x,50.00x
PXD:US,PIONEER NATURAL RESOURCES CO,US,AA-,,269.62,-45.13%,145.93%,159.23%,4.06%,-4.95%,-30.11%,10.48x,6.80x,13.49x
PYPL:US,PAYPAL HOLDINGS INC,US,A-,Financials,43.59,,,,1.28%,7.14%,-45.23%,8.22x,6.42x,7.35x
QCOM:US,QUALCOMM INC,US,A,Information Technology,127.11,5.46%,6.77%,6.51%,2.80%,2.15%,-14.19%,10.98x,9.76x,10.75x
QRVO:US,QORVO INC,US,BBB-,Information Technology,77.35,,,,,10.29%,-20.81%,11.88x,9.13x,11.73x
REG:US,REGENCY CENTERS CORP,US,A-,Real Estate,74.30,5.71%,4.37%,3.83%,4.06%,-1.08%,81.38%,27.21x,15.84x,19.32x
REGN:US,REGENERON PHARMACEUTICALS INC,US,BBB+,Health Care,737.71,,,,0.51%,11.71%,9.85%,16.48x,16.05x,18.81x
REXR:US,REXFORD INDUSTRIAL REALTY INC,US,BBB+,Real Estate,32.49,2.99%,11.17%,15.28%,5.36%,5.66%,139.09%,35.86x,13.56x,16.11x
RF:US,REGIONS FINANCIAL CORP,US,BBB+,Financials,25.16,5.10%,11.80%,10.81%,4.21%,10.63%,-29.92%,10.51x,,
RHI:US,HALF ROBERT INC,US,,Industrials,24.84,11.32%,11.12%,11.66%,9.50%,32.47%,-43.48%,18.35x,7.84x,9.65x
RJF:US,RAYMOND JAMES FINANCIAL INC,US,A-,Financials,141.32,10.17%,15.27%,15.34%,1.53%,13.71%,-17.43%,12.39x,,
RL:US,LAUREN RALPH CORP,US,A-,Consumer Discretionary,327.82,10.00%,23.38%,-7.46%,1.11%,10.26%,34.75%,20.21x,13.20x,19.09x
RMD:US,RESMED INC,US,NR,Health Care,220.47,10.42%,8.09%,6.39%,1.09%,10.35%,37.72%,20.66x,18.96x,20.87x
ROK:US,ROCKWELL AUTOMATION INC,US,A-,Industrials,351.50,4.80%,5.36%,5.13%,1.57%,12.54%,107.45%,31.12x,25.13x,29.20x
ROL:US,ROLLINS INC,US,BBB,Industrials,52.46,10.16%,16.54%,16.12%,1.39%,11.48%,210.78%,46.62x,36.32x,38.11x
ROP:US,ROPER TECHNOLOGIES INC,US,BBB+,Information Technology,344.42,10.00%,9.99%,9.99%,1.06%,8.21%,12.89%,16.93x,14.29x,14.67x
ROST:US,ROSS STORES INC,US,A-,Consumer Discretionary,211.69,10.20%,9.32%,67.35%,0.84%,11.59%,109.89%,31.48x,22.57x,31.38x
RSG:US,REPUBLIC SERVICES INC,US,A-,Industrials,215.83,8.24%,8.05%,7.60%,1.16%,7.87%,103.46%,30.52x,15.48x,27.58x
RTX:US,RTX CORP,US,BBB+,Industrials,189.71,7.66%,7.32%,7.52%,1.43%,9.57%,97.30%,29.60x,23.79x,31.84x
RVTY:US,REVVITY INC,US,BBB,Health Care,83.90,,,,0.33%,8.80%,8.82%,16.32x,15.87x,18.25x
SBUX:US,STARBUCKS CORP,US,BBB+,Consumer Discretionary,86.81,7.02%,7.58%,8.28%,2.86%,21.50%,82.49%,39.23x,20.10x,37.77x
SCG:US,SCANA CORP,US,BBB+,,47.78,-59.85%,-15.94%,-8.11%,1.04%,,,,,
SCHW:US,SCHWAB CHARLES CORP,US,A-,Financials,92.36,8.00%,9.02%,8.74%,1.39%,16.57%,9.16%,18.09x,12.69x,11.58x
SEE:US,SEALED AIR CORP,US,BB+,Materials,42.00,,,4.80%,1.90%,5.47%,-16.81%,12.48x,9.70x,13.49x
SHW:US,SHERWIN WILLIAMS CO,US,BBB,Materials,315.37,10.49%,9.84%,12.35%,1.01%,9.30%,82.29%,27.34x,22.87x,29.22x
SIVBQ:US,SVB FINANCIAL GROUP,US,NR,,0.01,,,,,,,,,
SJM:US,SMUCKER JM CO,US,BBB,Consumer Staples,95.24,2.38%,3.58%,4.28%,4.62%,8.50%,-30.26%,10.46x,7.49x,10.52x
SLB:US,SLB LTD,US,A,Energy,53.50,3.64%,22.49%,10.93%,2.21%,8.63%,22.84%,18.43x,11.88x,16.46x
SLG:US,SL GREEN REALTY CORP,US,BB,Real Estate,35.33,-5.82%,-8.39%,-11.92%,6.99%,12.17%,,,6.48x,12.19x
SNA:US,SNAP ON INC,US,A-,Industrials,359.04,14.77%,14.65%,14.66%,2.72%,5.69%,23.49%,18.52x,17.22x,18.38x
SNPS:US,SYNOPSYS INC,US,BBB,Information Technology,380.47,,,,,17.09%,64.66%,28.15x,37.23x,42.86x
SO:US,SOUTHERN CO,US,A-,Utilities,95.55,2.80%,2.88%,2.97%,3.10%,7.75%,46.07%,21.91x,10.53x,
SPG:US,SIMON PROPERTY GROUP INC,US,A,Real Estate,180.19,5.56%,7.42%,7.54%,4.88%,-18.99%,-2.76%,14.59x,14.37x,15.86x
SPGI:US,S&P GLOBAL INC,US,,Financials,406.24,5.50%,5.01%,7.55%,0.96%,12.03%,48.42%,22.26x,21.38x,22.31x
SRE:US,SEMPRA,US,BBB+,Utilities,95.88,4.03%,4.06%,4.30%,2.74%,8.30%,33.41%,20.01x,13.67x,
STE:US,STERIS PLC /IE/,US,BBB,Health Care,219.40,9.85%,9.69%,9.00%,1.15%,9.47%,43.53%,21.53x,17.44x,25.12x
STT:US,STATE STREET CORP,US,A,Financials,122.52,10.25%,10.07%,8.49%,2.74%,12.30%,-23.19%,11.52x,,
STX:US,SEAGATE TECHNOLOGY HOLDINGS PLC,US,BB+,Information Technology,380.07,2.14%,1.08%,2.09%,0.78%,38.99%,-16.66%,32.49x,34.93x,41.70x
STZ:US,CONSTELLATION BRANDS INC,US,BBB,Consumer Staples,151.40,13.48%,10.00%,6.27%,2.69%,9.73%,-13.52%,12.97x,10.12x,17.74x
SWK:US,STANLEY BLACK & DECKER INC,US,BBB+,Industrials,68.82,1.23%,1.24%,3.53%,4.82%,13.80%,-4.95%,14.26x,10.41x,14.55x
SWKS:US,SKYWORKS SOLUTIONS INC,US,BBB-,Information Technology,53.65,2.56%,6.96%,9.14%,5.29%,4.16%,-32.96%,10.06x,6.85x,8.18x
SYF:US,SYNCHRONY FINANCIAL,US,BBB-,Financials,65.36,15.00%,8.61%,5.62%,1.84%,8.86%,-53.05%,7.04x,,2.94x
SYK:US,STRYKER CORP,US,BBB+,Health Care,327.44,4.94%,6.25%,7.64%,1.08%,11.17%,56.45%,23.47x,24.60x,29.08x
SYY:US,SYSCO CORP,US,BBB,Consumer Staples,81.80,2.00%,2.77%,3.98%,2.64%,8.52%,19.50%,17.92x,15.32x,19.80x
T:US,AT&T INC,US,BBB,Communication Services,29.10,,-3.13%,-6.28%,3.81%,10.63%,-10.29%,13.46x,5.13x,10.90x
TAP:US,MOLSON COORS BEVERAGE CO,US,BBB,Consumer Staples,43.40,6.82%,7.34%,32.97%,4.42%,1.74%,-31.07%,8.26x,4.77x,8.01x
TDG:US,TRANSDIGM GROUP INC,US,,Industrials,"1,140.03",371.43%,135.71%,57.14%,,14.24%,99.32%,29.90x,28.07x,32.15x
TDY:US,TELEDYNE TECHNOLOGIES INC,US,BBB,Information Technology,593.31,,,,,8.51%,76.44%,26.47x,22.79x,25.73x
TEL:US,TE CONNECTIVITY PLC,US,A-,Information Technology,202.14,9.68%,8.67%,7.68%,1.54%,13.56%,36.51%,20.48x,14.30x,18.54x
TER:US,TERADYNE INC,US,NR,Information Technology,295.61,,3.03%,3.82%,0.18%,36.05%,82.95%,65.96x,58.37x,83.41x
TFC:US,TRUIST FINANCIAL CORP,US,A-,Financials,44.53,,1.33%,2.97%,4.67%,13.51%,-25.40%,11.19x,,
TFX:US,TELEFLEX INC,US,BB+,Health Care,116.22,,,,1.17%,22.93%,-25.92%,16.98x,15.60x,15.91x
TGH:US,TEXTAINER GROUP HOLDINGS LTD,US,,,49.99,20.00%,160.00%,160.00%,2.40%,,,,,
TGT:US,TARGET CORP,US,A,Consumer Staples,119.84,1.80%,4.58%,11.39%,3.81%,6.27%,4.64%,15.70x,8.20x,20.03x
TJX:US,TJX COS INC,US,A,Consumer Discretionary,155.12,13.21%,12.95%,80.23%,1.10%,9.52%,116.15%,32.42x,25.40x,36.04x
TMO:US,THERMO FISHER SCIENTIFIC INC,US,A-,Health Care,473.36,10.26%,12.78%,14.38%,0.40%,9.34%,35.64%,20.35x,21.95x,27.45x
TMUS:US,T MOBILE US INC,US,BBB,Communication Services,210.82,29.33%,182.36%,182.36%,1.87%,20.24%,5.73%,21.40x,8.47x,14.73x
TPR:US,TAPESTRY INC,US,BBB,Consumer Discretionary,138.84,,12.22%,-15.83%,1.15%,13.43%,51.56%,22.73x,18.92x,21.71x
TRMB:US,TRIMBLE INC,US,BBB-,Information Technology,62.97,,,,,17.27%,12.83%,19.49x,29.76x,31.84x
TROW:US,T ROWE PRICE GROUP INC,US,,Financials,88.45,2.42%,1.91%,14.93%,5.88%,0.56%,-6.03%,9.04x,,7.99x
TRV:US,TRAVELERS COS INC,US,A,Financials,285.27,4.82%,5.83%,5.24%,1.54%,1.63%,-11.79%,10.38x,6.59x,7.92x
TSCO:US,TRACTOR SUPPLY CO,US,BBB,Consumer Discretionary,44.87,4.55%,7.77%,27.78%,2.14%,9.77%,43.38%,21.51x,14.54x,31.35x
TSLA:US,TESLA INC,US,BBB,Consumer Discretionary,361.83,,,,,29.45%,604.63%,207.51x,86.04x,349.54x
TSN:US,TYSON FOODS INC,US,BBB,Consumer Staples,63.92,2.04%,2.82%,3.56%,3.19%,13.82%,5.94%,15.89x,9.39x,18.26x
TT:US,TRANE TECHNOLOGIES PLC,US,A-,Industrials,410.23,11.91%,11.95%,12.15%,1.02%,12.92%,103.03%,30.46x,27.94x,31.52x
TTWO:US,TAKE TWO INTERACTIVE SOFTWARE INC,US,BBB,Communication Services,189.69,,,,,65.69%,-24.75%,49.44x,78.37x,129.34x
TWTR:US,X CORP /US/,US,NR,,53.70,,,,,101.23%,,,79.17x,
TXN:US,TEXAS INSTRUMENTS INC,US,A+,Information Technology,190.33,4.56%,5.46%,8.19%,2.98%,18.23%,84.35%,33.60x,22.95x,47.89x
TXT:US,TEXTRON INC,US,BBB,Industrials,87.47,,,,0.09%,9.44%,-5.86%,14.12x,11.88x,17.86x
TYL:US,TYLER TECHNOLOGIES INC,US,,Information Technology,334.03,,,,,12.70%,92.01%,28.80x,21.87x,22.55x
UA:US,UNDER ARMOUR INC,US,BB-,Consumer Discretionary,5.63,,,,,80.94%,-38.00%,50.18x,50.08x,39.30x
UAA:US,UNDER ARMOUR INC,US,BB-,Consumer Discretionary,5.74,,,,,79.72%,-35.82%,51.16x,51.06x,40.06x
UAL:US,UNITED AIRLINES HOLDINGS INC,US,BB+,Industrials,88.44,,,,,16.78%,-52.82%,7.92x,3.25x,11.79x
UDR:US,UDR INC,US,BBB+,Real Estate,33.58,1.18%,4.56%,3.85%,5.18%,-17.61%,129.88%,34.48x,13.23x,15.13x
UGI:US,UGI CORP,US,,Utilities,36.67,,2.10%,2.76%,4.09%,7.01%,-23.89%,11.42x,6.38x,34.76x
UHT:US,UNIVERSAL HEALTH REALTY INCOME TRUST,US,,Real Estate,39.80,1.37%,1.39%,1.41%,7.49%,12.52%,92.50%,28.87x,12.35x,14.68x
ULTA:US,ULTA BEAUTY INC,US,,Consumer Discretionary,510.34,,,,,10.67%,30.51%,19.58x,15.26x,21.28x
UNH:US,UNITEDHEALTH GROUP INC,US,A+,Health Care,259.02,6.72%,10.95%,12.61%,3.41%,14.90%,3.50%,15.52x,12.07x,14.74x
UNM:US,UNUM GROUP,US,BBB,Financials,72.90,12.10%,11.79%,9.14%,2.52%,9.98%,-41.19%,8.82x,14.46x,19.72x
UNP:US,UNION PACIFIC CORP,US,A-,Industrials,238.79,3.03%,2.31%,7.18%,2.31%,9.36%,34.32%,20.15x,14.97x,24.38x
UPS:US,UNITED PARCEL SERVICE INC,US,A,Industrials,94.80,0.61%,2.60%,11.56%,6.92%,6.82%,-11.49%,13.28x,9.30x,15.68x
URI:US,UNITED RENTALS INC,US,BB+,Industrials,734.30,9.82%,9.98%,9.98%,1.00%,13.54%,13.50%,17.02x,8.89x,44.76x
USB:US,US BANCORP,US,A,Financials,50.85,3.03%,2.76%,3.97%,4.09%,9.96%,-28.20%,10.77x,,
V:US,VISA INC,US,AA-,Financials,295.52,13.46%,16.34%,14.57%,0.91%,12.59%,62.24%,24.34x,23.02x,24.72x
VFC:US,VF CORP,US,BB,Consumer Discretionary,16.40,-53.85%,-39.78%,-23.03%,2.20%,25.32%,-20.92%,20.02x,10.34x,13.73x
VLO:US,VALERO ENERGY CORP,US,BBB,Energy,254.32,5.61%,4.86%,2.92%,1.89%,4.54%,40.96%,21.14x,12.63x,15.64x
VMC:US,VULCAN MATERIALS CO,US,BBB+,Materials,261.46,6.52%,7.00%,7.59%,0.80%,17.80%,77.03%,31.51x,18.66x,30.14x
VNO:US,VORNADO REALTY TRUST,US,BB+,Real Estate,24.71,,-19.51%,-13.89%,2.99%,-39.46%,-48.38%,7.74x,10.30x,26.04x
VRSK:US,VERISK ANALYTICS INC,US,BBB,Industrials,182.75,15.39%,13.26%,10.81%,1.09%,10.46%,67.51%,25.13x,17.93x,21.89x
VRSN:US,VERISIGN INC,US,BBB,Information Technology,247.48,,,,1.26%,9.98%,84.61%,27.69x,21.59x,22.15x
VRTX:US,VERTEX PHARMACEUTICALS INC,US,,Health Care,433.07,,,,,10.76%,55.57%,23.34x,26.18x,29.85x
VTR:US,VENTAS INC,US,BBB+,Real Estate,81.91,-14.67%,3.44%,-3.45%,2.54%,37.94%,260.48%,136.77x,22.96x,28.60x
VTRS:US,VIATRIS INC,US,BB+,Health Care,13.05,,,11.36%,3.68%,7.95%,-63.31%,5.50x,6.43x,8.00x
VZ:US,VERIZON COMMUNICATIONS INC,US,BBB+,Communication Services,50.31,1.87%,1.91%,1.95%,5.63%,7.41%,-29.53%,10.57x,5.71x,10.41x
WAB:US,WESTINGHOUSE AIR BRAKE TECHNOLOGIES CORP,US,BBB,Industrials,241.11,25.00%,18.66%,16.20%,0.51%,12.71%,72.89%,25.93x,23.68x,27.63x
WAT:US,WATERS CORP,US,BBB,Health Care,289.16,,,,,11.18%,43.55%,21.53x,22.02x,25.88x
WBA:US,WALGREENS BOOTS ALLIANCE INC,US,NR,,11.98,-35.94%,-11.27%,-5.63%,,2.61%,-47.58%,7.19x,39.67x,
WDC:US,WESTERN DIGITAL CORP,US,BBB-,Information Technology,275.34,,,-100.00%,0.18%,40.80%,-13.32%,35.36x,34.62x,37.71x
WEC:US,WEC ENERGY GROUP INC,US,A-,Utilities,114.36,6.89%,7.05%,7.13%,3.33%,7.26%,42.58%,21.39x,10.81x,
WELL:US,WELLTOWER INC,US,A-,Real Estate,195.77,10.16%,5.03%,1.09%,1.51%,33.39%,242.71%,114.42x,35.57x,41.16x
WFC:US,WELLS FARGO & CO,US,BBB+,Financials,77.19,13.33%,15.63%,15.88%,2.33%,13.80%,-20.18%,11.97x,,
WHR:US,WHIRLPOOL CORP,US,BB,Consumer Discretionary,51.92,-24.29%,-8.10%,3.31%,6.93%,10.50%,-43.48%,8.48x,5.37x,17.16x
WM:US,WASTE MANAGEMENT INC,US,A-,Industrials,225.06,10.00%,8.28%,8.68%,1.68%,10.77%,95.75%,29.36x,14.84x,29.85x
WMB:US,WILLIAMS COS INC,US,BBB+,Energy,73.58,5.26%,5.57%,4.57%,2.85%,14.73%,128.41%,34.26x,14.99x,169.49x
WMT:US,WALMART INC,US,AA,Consumer Staples,122.89,13.25%,8.08%,5.58%,0.81%,11.14%,205.79%,45.87x,23.88x,66.80x
WPC:US,CAREY WP INC,US,BBB+,Real Estate,67.61,3.73%,-4.24%,-2.21%,5.50%,6.32%,82.20%,27.33x,15.84x,13.46x
WRB:US,BERKLEY WR CORP,US,,Financials,64.74,32.46%,52.89%,90.50%,0.56%,5.78%,-1.71%,14.74x,7.07x,8.03x
WRK:US,WESTROCK CO,US,BBB,,51.51,10.00%,-3.40%,-6.26%,2.35%,7.04%,-12.05%,13.19x,6.57x,37.06x
WST:US,WEST PHARMACEUTICAL SERVICES INC,US,,Health Care,243.35,4.94%,5.20%,5.51%,0.36%,11.97%,117.21%,32.58x,23.43x,37.39x
WU:US,WESTERN UNION CO,US,BBB,Financials,8.73,,,0.89%,10.77%,6.56%,-66.97%,4.96x,5.06x,5.44x
WY:US,WEYERHAEUSER CO,US,BBB,Real Estate,23.86,-10.64%,-25.84%,27.55%,3.52%,78.17%,40.23%,109.61x,30.08x,44.14x
WYNN:US,WYNN RESORTS LTD,US,BB-,Consumer Discretionary,96.59,,16.67%,-22.22%,1.04%,20.98%,4.81%,21.99x,7.43x,17.63x
XEL:US,XCEL ENERGY INC,US,BBB+,Utilities,78.09,72.15%,19.26%,14.15%,3.03%,9.33%,34.33%,20.15x,9.98x,
XLNX:US,XILINX INC,US,NR,,194.92,-22.97%,-5.78%,-0.97%,0.76%,,,,,
XOM:US,EXXON MOBIL CORP,US,AA-,Energy,170.99,4.17%,4.06%,2.84%,2.41%,14.55%,61.50%,24.23x,13.69x,27.80x
XRAY:US,DENTSPLY SIRONA INC,US,BBB-,Health Care,11.47,,8.76%,10.01%,5.58%,4.04%,-51.06%,7.34x,8.60x,18.71x
XYL:US,XYLEM INC,US,BBB,Industrials,117.55,11.11%,10.07%,9.01%,1.46%,9.16%,51.30%,22.69x,22.49x,31.68x
YUM:US,YUM BRANDS INC,US,BB+,Consumer Discretionary,153.96,5.97%,7.62%,8.65%,1.95%,11.49%,65.56%,24.83x,21.21x,25.74x
ZBH:US,ZIMMER BIOMET HOLDINGS INC,US,BBB,Health Care,88.57,,,0.62%,1.08%,5.89%,-28.40%,10.74x,10.32x,14.43x
ZBRA:US,ZEBRA TECHNOLOGIES CORP,US,BB+,Information Technology,202.64,,,,,11.32%,-17.38%,12.39x,10.89x,12.15x
ZION:US,ZIONS BANCORPORATION NA,US,BBB+,Financials,55.40,6.02%,3.68%,5.33%,3.25%,4.65%,-39.12%,9.13x,,
ZTS:US,ZOETIS INC,US,BBB+,Health Care,113.35,15.74%,15.44%,20.27%,1.87%,8.41%,15.28%,17.29x,16.63x,21.07x
